{"loss": [66.90582275390625, 44.84028625488281, 28.27347755432129, 13.073954582214355, 2.917238473892212, 1.1741127967834473, 1.0408012866973877, 1.0493085384368896, 0.9568497538566589, 1.0163277387619019, 0.9325693249702454, 0.9220734238624573, 0.9653641581535339, 0.8695782423019409, 0.8731582760810852, 0.8222607374191284, 0.8504917025566101, 0.8521819114685059, 0.8291455507278442, 0.8034445643424988], "accuracy": [0.37437185645103455, 0.37437185645103455, 0.37437185645103455, 0.38944724202156067, 0.6708542704582214, 0.8517587780952454, 0.876884400844574, 0.8819095492362976, 0.8718593120574951, 0.8668341636657715, 0.8643215894699097, 0.8793969750404358, 0.8592965006828308, 0.8668341636657715, 0.8743718862533569, 0.8718593120574951, 0.8618090748786926, 0.8718593120574951, 0.8869346976280212, 0.876884400844574]}