{"loss": [3.1472585201263428, 0.44493505358695984, 0.5158209204673767, 0.3845565617084503, 0.3415628969669342, 0.5946270823478699, 0.4048210382461548, 0.47940146923065186, 0.38584160804748535, 0.4965052902698517, 0.4718736708164215, 0.4576508402824402, 0.30685415863990784, 0.6810008883476257, 0.27033531665802, 0.6463721394538879, 0.29825741052627563, 0.2788126468658447, 0.40144601464271545, 0.5548768043518066], "accuracy": [0.7462311387062073, 0.8743718862533569, 0.8517587780952454, 0.876884400844574, 0.8894472122192383, 0.8618090748786926, 0.8869346976280212, 0.8643215894699097, 0.8618090748786926, 0.8592965006828308, 0.8618090748786926, 0.8542713522911072, 0.909547746181488, 0.8467336893081665, 0.9070351719856262, 0.839195966720581, 0.8994975090026855, 0.9170854091644287, 0.876884400844574, 0.8366833925247192]}